model name,model size (Mb),time CPU (sec)
openai:ViT-L-14-336,1632.5001602172852,3.630246587828094
blip2-itm,4473.1179122924805,5.3667709172940725
clip-flant5-xl,6151.6684646606445,43.63235550768235
